repo,create_date,mode_date,size,commits,collaborators,language,url
x,2021-08-09T16:32:34Z,2022-11-08T15:47:55Z,3093,977,3,Python,https://github.com/DOH-EPI-Coders/x
x,2025-03-27T22:58:38Z,2025-05-19T21:27:13Z,58,28,2,Python,https://github.com/DOH-EPI-Coders/x
x,2025-02-14T00:10:18Z,2025-05-19T21:21:15Z,130,8,2,R,https://github.com/DOH-EPI-Coders/x
x,2025-05-19T19:30:33Z,2025-05-19T20:07:23Z,8652,33,1,HTML,https://github.com/DOH-EPI-Coders/x
x,2024-02-01T19:18:28Z,2025-05-19T18:41:28Z,1035,120,3,R,https://github.com/DOH-EPI-Coders/x
x,2022-01-13T21:33:10Z,2025-05-19T17:56:59Z,79756,909,4,R,https://github.com/DOH-EPI-Coders/x
x,2025-03-06T18:02:37Z,2025-05-19T17:05:37Z,672,71,3,Python,https://github.com/DOH-EPI-Coders/x
x,2021-07-13T15:42:22Z,2025-05-05T18:32:15Z,6192,363,2,R,https://github.com/DOH-EPI-Coders/x
x,2021-06-28T19:41:15Z,2025-04-11T21:48:40Z,47576,454,5,TSQL,https://github.com/DOH-EPI-Coders/x
x,2025-04-23T17:45:13Z,2025-05-19T15:52:05Z,14563,66,4,C#,https://github.com/DOH-EPI-Coders/x
x,2025-03-12T20:58:04Z,2025-05-19T04:05:58Z,726,65,1,HTML,https://github.com/DOH-EPI-Coders/x
x,2024-03-07T17:51:19Z,2025-04-17T22:43:47Z,1221,529,4,R,https://github.com/DOH-EPI-Coders/x
x,2024-04-29T21:48:15Z,2025-05-14T01:26:29Z,2615,492,4,R,https://github.com/DOH-EPI-Coders/x
x,2024-09-05T16:31:05Z,2025-04-07T22:30:17Z,2864,192,2,Python,https://github.com/DOH-EPI-Coders/x
x,2023-04-05T14:46:30Z,2025-05-15T00:22:20Z,2691,497,3,Python,https://github.com/DOH-EPI-Coders/x
x,2023-09-25T16:53:50Z,2025-05-14T21:24:23Z,48,14,1,R,https://github.com/DOH-EPI-Coders/x
x,2024-07-18T19:25:29Z,2024-11-06T21:32:28Z,29396,4,1,R,https://github.com/DOH-EPI-Coders/x
x,2025-02-03T22:43:25Z,2025-05-14T18:30:55Z,109,78,5,Python,https://github.com/DOH-EPI-Coders/x
x,2024-01-08T18:38:37Z,2025-02-27T20:45:29Z,36617,234,3,Python,https://github.com/DOH-EPI-Coders/x
x,2025-01-09T17:24:48Z,2025-05-14T17:23:24Z,861,14,1,Unknown,https://github.com/DOH-EPI-Coders/x
x,2024-10-29T22:27:09Z,2025-02-04T19:06:21Z,67,5,2,R,https://github.com/DOH-EPI-Coders/x
x,2022-08-16T23:32:01Z,2025-05-13T21:42:17Z,29606,266,10,HTML,https://github.com/DOH-EPI-Coders/x
x,2025-01-27T22:16:34Z,2025-05-13T21:26:56Z,5127,85,1,Python,https://github.com/DOH-EPI-Coders/x
x,2025-02-18T20:19:23Z,2025-05-13T17:48:25Z,101,24,2,R,https://github.com/DOH-EPI-Coders/x
x,2025-04-25T21:53:45Z,2025-05-12T18:15:27Z,157,11,1,Python,https://github.com/DOH-EPI-Coders/x
x,2024-03-12T16:58:51Z,2025-05-08T22:37:45Z,270,160,4,Python,https://github.com/DOH-EPI-Coders/x
x,2023-05-31T16:32:23Z,2025-05-08T21:54:16Z,116,75,3,R,https://github.com/DOH-EPI-Coders/x
x,2024-05-22T22:17:47Z,2025-05-07T23:49:32Z,157,91,2,Python,https://github.com/DOH-EPI-Coders/x
x,2022-07-26T21:16:38Z,2025-05-07T13:40:52Z,4334,79,0,Python,https://github.com/DOH-EPI-Coders/x
x,2023-08-14T20:04:45Z,2025-05-06T18:01:20Z,124,86,4,SAS,https://github.com/DOH-EPI-Coders/x
x,2025-03-10T20:15:21Z,2025-05-02T19:33:26Z,17,14,1,Python,https://github.com/DOH-EPI-Coders/x
x,2025-04-25T15:15:28Z,2025-05-02T19:13:23Z,15,7,1,Python,https://github.com/DOH-EPI-Coders/x
x,2022-08-15T15:13:54Z,2025-05-01T22:08:03Z,2367,599,5,R,https://github.com/DOH-EPI-Coders/x
x,2025-02-20T18:40:59Z,2025-05-01T18:45:02Z,7997,121,9,R,https://github.com/DOH-EPI-Coders/x
x,2023-11-07T18:02:47Z,2025-05-01T17:04:43Z,374,93,4,R,https://github.com/DOH-EPI-Coders/x
x,2024-12-30T19:39:22Z,2025-04-30T18:50:46Z,23,8,1,Unknown,https://github.com/DOH-EPI-Coders/x
x,2025-04-29T23:32:21Z,2025-04-29T23:32:27Z,1,1,1,Unknown,https://github.com/DOH-EPI-Coders/x
x,2024-02-02T22:34:14Z,2025-03-13T00:53:40Z,435,257,3,Python,https://github.com/DOH-EPI-Coders/x
x,2024-06-25T23:17:47Z,2025-04-29T00:02:25Z,6201,213,2,Python,https://github.com/DOH-EPI-Coders/x
x,2024-05-29T22:50:40Z,2025-04-28T20:23:10Z,4361,40,2,R,https://github.com/DOH-EPI-Coders/x
x,2025-04-28T14:20:17Z,2025-04-28T14:32:06Z,2,1,1,Python,https://github.com/DOH-EPI-Coders/x
x,2023-10-27T23:53:03Z,2025-05-19T20:40:03Z,323,223,5,Unknown,https://github.com/DOH-EPI-Coders/x
x,2023-04-26T14:40:08Z,2025-04-24T23:39:26Z,26,15,1,Python,https://github.com/DOH-EPI-Coders/x
x,2023-08-10T21:06:26Z,2025-04-24T20:26:29Z,323,103,1,Python,https://github.com/DOH-EPI-Coders/x
x,2024-01-24T20:13:47Z,2025-04-24T15:34:50Z,296,49,1,Python,https://github.com/DOH-EPI-Coders/x
x,2024-11-06T16:37:36Z,2025-04-23T21:52:06Z,760,163,1,Python,https://github.com/DOH-EPI-Coders/x
x,2025-03-26T22:03:29Z,2025-04-23T20:13:49Z,510,36,1,R,https://github.com/DOH-EPI-Coders/x
x,2023-10-23T23:02:58Z,2025-04-22T22:31:10Z,102031,157,1,R,https://github.com/DOH-EPI-Coders/x
x,2023-09-13T18:15:30Z,2025-04-22T21:29:40Z,1361,104,4,HTML,https://github.com/DOH-EPI-Coders/x
x,2024-10-08T17:51:53Z,2025-04-18T13:54:59Z,8814,31,1,Python,https://github.com/DOH-EPI-Coders/x
x,2025-04-16T20:41:13Z,2025-04-21T20:53:40Z,15,6,2,Python,https://github.com/DOH-EPI-Coders/x
x,2025-02-20T21:02:50Z,2025-04-21T18:43:12Z,1006,19,1,Python,https://github.com/DOH-EPI-Coders/x
x,2025-03-06T20:10:51Z,2025-04-17T20:11:08Z,716,9,2,Python,https://github.com/DOH-EPI-Coders/x
x,2024-10-10T13:11:56Z,2025-04-17T14:31:48Z,12,7,1,Unknown,https://github.com/DOH-EPI-Coders/x
x,2023-04-04T16:32:45Z,2025-04-16T18:13:09Z,35,44,3,SAS,https://github.com/DOH-EPI-Coders/x
x,2021-11-19T16:26:11Z,2024-09-27T16:02:12Z,24043,357,1,HTML,https://github.com/DOH-EPI-Coders/x
x,2025-03-27T20:34:19Z,2025-04-15T17:50:21Z,20951,15,1,Python,https://github.com/DOH-EPI-Coders/x
x,2023-04-11T17:46:24Z,2025-04-15T16:08:32Z,1006,537,3,R,https://github.com/DOH-EPI-Coders/x
x,2025-03-04T23:16:58Z,2025-04-15T15:53:26Z,86,5,1,Rust,https://github.com/DOH-EPI-Coders/x
x,2025-02-03T19:25:24Z,2025-04-14T19:48:01Z,6732,198,1,Python,https://github.com/DOH-EPI-Coders/x
x,2025-03-18T18:58:33Z,2025-04-14T17:34:45Z,56,26,1,Python,https://github.com/DOH-EPI-Coders/x
x,2024-11-06T22:35:07Z,2025-04-11T15:31:39Z,363,92,2,R,https://github.com/DOH-EPI-Coders/x
x,2024-05-22T22:09:15Z,2025-04-10T00:18:55Z,398,45,4,Python,https://github.com/DOH-EPI-Coders/x
x,2021-05-25T21:57:55Z,2025-04-08T19:45:36Z,15891,570,7,R,https://github.com/DOH-EPI-Coders/x
x,2022-11-01T16:58:17Z,2025-04-03T21:08:03Z,106843,1072,6,HTML,https://github.com/DOH-EPI-Coders/x
x,2024-02-08T20:12:42Z,2025-04-08T16:18:03Z,30820,50,1,R,https://github.com/DOH-EPI-Coders/x
x,2023-09-20T15:54:39Z,2025-01-22T16:38:31Z,112,17,2,Python,https://github.com/DOH-EPI-Coders/x
x,2023-03-22T17:52:05Z,2025-04-07T18:03:25Z,1019,55,2,HTML,https://github.com/DOH-EPI-Coders/x
x,2025-01-29T23:36:19Z,2025-04-07T15:23:21Z,29,17,1,Python,https://github.com/DOH-EPI-Coders/x
x,2021-10-18T20:54:37Z,2023-08-14T14:27:44Z,1321,452,13,Python,https://github.com/DOH-EPI-Coders/x
x,2025-04-01T23:19:05Z,2025-04-04T20:35:19Z,66,17,2,Python,https://github.com/DOH-EPI-Coders/x
x,2023-05-22T16:10:21Z,2025-04-03T17:56:59Z,166,70,2,R,https://github.com/DOH-EPI-Coders/x
x,2024-08-21T22:48:27Z,2025-04-17T15:17:57Z,9,1,1,Unknown,https://github.com/DOH-EPI-Coders/x
x,2025-04-02T22:19:30Z,2025-04-02T22:20:16Z,5,1,1,Unknown,https://github.com/DOH-EPI-Coders/x
x,2025-01-21T19:29:51Z,2025-04-01T23:37:43Z,91,44,1,Shell,https://github.com/DOH-EPI-Coders/x
x,2025-03-27T17:40:18Z,2025-03-28T22:13:33Z,3398,4,1,Python,https://github.com/DOH-EPI-Coders/x
x,2022-10-20T23:38:31Z,2025-03-27T19:18:45Z,895,12,2,Unknown,https://github.com/DOH-EPI-Coders/x
x,2025-02-27T22:12:26Z,2025-03-18T16:51:35Z,3773,25,1,C#,https://github.com/DOH-EPI-Coders/x
x,2025-02-14T18:44:33Z,2025-03-27T00:21:35Z,107,83,1,Shell,https://github.com/DOH-EPI-Coders/x
x,2022-07-12T21:22:45Z,2025-03-04T21:49:04Z,296,143,3,R,https://github.com/DOH-EPI-Coders/x
x,2024-04-09T00:30:59Z,2025-04-03T17:51:32Z,42,16,2,Unknown,https://github.com/DOH-EPI-Coders/x
x,2023-04-25T17:14:20Z,2025-03-25T21:13:34Z,87,38,2,R,https://github.com/DOH-EPI-Coders/x
x,2025-03-13T18:16:40Z,2025-03-24T20:11:11Z,10,5,1,Unknown,https://github.com/DOH-EPI-Coders/x
x,2025-03-21T18:23:19Z,2025-04-02T23:22:51Z,407,3,1,Python,https://github.com/DOH-EPI-Coders/x
x,2024-03-28T02:07:23Z,2025-05-19T20:39:13Z,20289,37,3,Python,https://github.com/DOH-EPI-Coders/x
x,2024-10-25T21:05:41Z,2025-02-20T22:24:52Z,1988,146,1,Python,https://github.com/DOH-EPI-Coders/x
x,2024-12-16T17:22:39Z,2025-03-20T18:23:06Z,31,8,1,Python,https://github.com/DOH-EPI-Coders/x
x,2024-05-02T20:22:52Z,2024-12-13T22:18:48Z,24383,158,5,Python,https://github.com/DOH-EPI-Coders/x
x,2022-01-06T05:41:47Z,2025-03-14T17:38:47Z,2690,165,4,R,https://github.com/DOH-EPI-Coders/x
x,2025-03-13T17:57:15Z,2025-03-13T17:57:15Z,0,1,,Unknown,https://github.com/DOH-EPI-Coders/x
x,2023-01-11T18:38:17Z,2025-03-12T22:52:45Z,265,152,4,Python,https://github.com/DOH-EPI-Coders/x
x,2024-07-18T23:21:33Z,2025-03-10T21:52:30Z,4,1,1,R,https://github.com/DOH-EPI-Coders/x
x,2023-03-30T15:37:50Z,2025-03-10T19:55:58Z,162,92,3,Python,https://github.com/DOH-EPI-Coders/x
x,2024-03-29T20:30:16Z,2025-03-12T18:24:18Z,20844,154,2,Python,https://github.com/DOH-EPI-Coders/x
x,2022-10-17T03:42:14Z,2025-03-07T00:08:19Z,9139,183,5,Python,https://github.com/DOH-EPI-Coders/x
x,2024-07-11T19:20:07Z,2025-03-06T22:25:42Z,49,15,2,R,https://github.com/DOH-EPI-Coders/x
x,2024-08-22T13:45:57Z,2025-03-06T23:53:38Z,1440,27,1,R,https://github.com/DOH-EPI-Coders/x
x,2025-03-06T19:41:00Z,2025-03-06T19:41:06Z,20,1,1,R,https://github.com/DOH-EPI-Coders/x
x,2025-03-05T23:31:52Z,2025-03-06T01:07:17Z,1,1,1,Unknown,https://github.com/DOH-EPI-Coders/x
x,2025-03-05T18:05:54Z,2025-03-05T18:05:59Z,3,1,1,Unknown,https://github.com/DOH-EPI-Coders/x
x,2024-07-02T21:01:35Z,2025-03-05T01:33:04Z,453,14,2,Python,https://github.com/DOH-EPI-Coders/x
x,2025-02-25T19:35:48Z,2025-03-03T22:59:38Z,510,28,1,Unknown,https://github.com/DOH-EPI-Coders/x
x,2025-01-22T18:29:53Z,2025-02-24T22:56:25Z,3,1,1,Unknown,https://github.com/DOH-EPI-Coders/x
x,2021-06-08T14:38:11Z,2025-02-24T21:37:08Z,1073,811,6,Unknown,https://github.com/DOH-EPI-Coders/x
x,2023-06-09T01:47:51Z,2025-02-24T20:21:44Z,6028,94,6,Python,https://github.com/DOH-EPI-Coders/x
x,2025-02-19T18:02:35Z,2025-02-21T21:43:55Z,1437,4,1,C#,https://github.com/DOH-EPI-Coders/x
x,2024-09-05T18:51:05Z,2025-02-21T21:06:56Z,6351,54,1,R,https://github.com/DOH-EPI-Coders/x
x,2025-02-20T21:29:44Z,2025-02-21T18:59:16Z,681,12,1,Python,https://github.com/DOH-EPI-Coders/x
x,2025-02-20T17:12:04Z,2025-02-20T19:26:13Z,102,4,1,C#,https://github.com/DOH-EPI-Coders/x
x,2025-02-19T22:05:24Z,2025-02-20T00:02:20Z,14,7,1,R,https://github.com/DOH-EPI-Coders/x
x,2025-02-12T17:42:40Z,2025-02-18T22:10:58Z,68,8,1,R,https://github.com/DOH-EPI-Coders/x
x,2022-06-27T17:42:02Z,2025-02-14T00:42:22Z,1857,246,9,R,https://github.com/DOH-EPI-Coders/x
x,2024-05-20T23:40:42Z,2025-02-14T00:13:29Z,647,78,2,R,https://github.com/DOH-EPI-Coders/x
x,2022-07-14T16:29:10Z,2025-02-12T21:06:50Z,1351,179,4,HTML,https://github.com/DOH-EPI-Coders/x
x,2025-02-11T22:41:33Z,2025-02-11T22:41:33Z,0,1,,Unknown,https://github.com/DOH-EPI-Coders/x
x,2025-02-11T15:44:07Z,2025-02-11T15:44:07Z,0,1,,Unknown,https://github.com/DOH-EPI-Coders/x
x,2023-09-13T23:55:42Z,2024-10-18T22:51:28Z,53,18,2,Python,https://github.com/DOH-EPI-Coders/x
x,2025-01-31T22:52:47Z,2025-02-06T17:10:36Z,67,3,1,Python,https://github.com/DOH-EPI-Coders/x
x,2025-02-05T22:06:51Z,2025-02-06T16:55:57Z,34,11,1,R,https://github.com/DOH-EPI-Coders/x
x,2023-12-07T00:07:37Z,2025-02-06T16:11:13Z,261,203,2,R,https://github.com/DOH-EPI-Coders/x
x,2025-01-15T20:41:07Z,2025-04-28T14:19:00Z,7,1,1,Python,https://github.com/DOH-EPI-Coders/x
x,2024-08-02T18:16:31Z,2025-02-05T00:06:16Z,68,16,1,Python,https://github.com/DOH-EPI-Coders/x
x,2025-01-23T23:18:34Z,2025-02-04T01:28:45Z,15110,25,2,HTML,https://github.com/DOH-EPI-Coders/x
x,2025-01-31T20:44:53Z,2025-01-31T22:31:50Z,1071,4,1,Python,https://github.com/DOH-EPI-Coders/x
x,2024-11-07T23:51:39Z,2025-01-31T18:53:32Z,142,13,1,Batchfile,https://github.com/DOH-EPI-Coders/x
x,2022-08-10T21:41:02Z,2024-11-01T22:44:45Z,266,227,4,R,https://github.com/DOH-EPI-Coders/x
x,2025-01-27T14:43:24Z,2025-01-27T14:43:28Z,0,1,1,Unknown,https://github.com/DOH-EPI-Coders/x
x,2025-01-23T21:52:52Z,2025-01-24T01:23:34Z,225,10,1,R,https://github.com/DOH-EPI-Coders/x
x,2024-11-18T17:36:23Z,2025-04-03T17:50:51Z,2543,5,1,Unknown,https://github.com/DOH-EPI-Coders/x
x,2021-11-10T14:11:03Z,2025-01-22T16:37:23Z,465,288,5,R,https://github.com/DOH-EPI-Coders/x
x,2023-12-18T23:28:46Z,2025-01-22T16:25:11Z,37,5,1,Python,https://github.com/DOH-EPI-Coders/x
x,2025-01-21T18:25:48Z,2025-01-21T20:22:10Z,4133,11,1,Python,https://github.com/DOH-EPI-Coders/x
x,2025-01-15T22:14:16Z,2025-01-21T19:26:13Z,13,17,1,Python,https://github.com/DOH-EPI-Coders/x
x,2025-01-21T18:56:12Z,2025-01-21T18:56:46Z,139,1,1,Rust,https://github.com/DOH-EPI-Coders/x
x,2025-01-15T22:06:15Z,2025-01-15T22:06:16Z,16,1,1,Unknown,https://github.com/DOH-EPI-Coders/x
x,2025-01-13T21:53:37Z,2025-01-22T22:04:50Z,21309,7,1,HTML,https://github.com/DOH-EPI-Coders/x
x,2024-08-27T15:16:44Z,2024-11-07T20:32:04Z,381,42,1,Batchfile,https://github.com/DOH-EPI-Coders/x
x,2024-11-06T17:46:02Z,2025-01-09T17:29:19Z,322,94,2,R,https://github.com/DOH-EPI-Coders/x
x,2024-04-11T21:26:25Z,2024-10-29T15:29:39Z,1682,12,1,R,https://github.com/DOH-EPI-Coders/x
x,2023-12-12T18:08:33Z,2025-01-02T21:45:44Z,8943,188,2,HTML,https://github.com/DOH-EPI-Coders/x
x,2022-09-21T17:44:10Z,2025-01-16T21:36:05Z,53456,799,6,HTML,https://github.com/DOH-EPI-Coders/x
x,2024-07-29T18:37:47Z,2024-12-31T22:47:42Z,109,45,3,Python,https://github.com/DOH-EPI-Coders/x
x,2024-09-17T21:15:11Z,2024-12-26T22:45:00Z,92956,68,1,Batchfile,https://github.com/DOH-EPI-Coders/x
x,2024-12-17T21:50:41Z,2024-12-18T15:43:32Z,88,7,1,Unknown,https://github.com/DOH-EPI-Coders/x
x,2024-10-07T15:36:23Z,2024-12-17T22:40:01Z,21,6,1,Shell,https://github.com/DOH-EPI-Coders/x
x,2024-12-17T18:47:52Z,2024-12-17T18:48:02Z,32,4,1,R,https://github.com/DOH-EPI-Coders/x
x,2021-12-06T20:27:51Z,2024-12-13T22:51:57Z,43,32,1,Python,https://github.com/DOH-EPI-Coders/x
x,2024-11-13T00:34:43Z,2024-12-10T19:42:02Z,14011,11,1,R,https://github.com/DOH-EPI-Coders/x
x,2023-07-12T16:27:19Z,2024-12-10T18:16:30Z,209132,590,2,R,https://github.com/DOH-EPI-Coders/x
x,2024-05-01T18:46:36Z,2025-01-07T17:24:55Z,1737,12,1,Python,https://github.com/DOH-EPI-Coders/x
x,2023-01-19T14:53:58Z,2024-11-28T00:23:15Z,618,89,6,R,https://github.com/DOH-EPI-Coders/x
x,2024-12-04T20:58:45Z,2024-12-04T22:34:32Z,5,1,1,Unknown,https://github.com/DOH-EPI-Coders/x
x,2024-12-04T19:17:05Z,2024-12-04T20:12:00Z,23,4,1,R,https://github.com/DOH-EPI-Coders/x
x,2024-12-03T18:57:19Z,2024-12-03T19:14:40Z,10,3,1,Roff,https://github.com/DOH-EPI-Coders/x
x,2024-12-03T01:15:32Z,2024-12-03T01:15:36Z,0,1,1,Unknown,https://github.com/DOH-EPI-Coders/x
x,2024-11-26T14:03:10Z,2024-12-04T00:35:20Z,65,41,2,Unknown,https://github.com/DOH-EPI-Coders/x
x,2024-11-19T02:06:48Z,2024-11-21T16:36:45Z,37,18,1,Python,https://github.com/DOH-EPI-Coders/x
x,2024-09-18T15:59:42Z,2024-10-30T16:34:44Z,484,4,2,R,https://github.com/DOH-EPI-Coders/x
x,2024-11-08T00:12:16Z,2024-11-14T00:14:00Z,7,1,1,Unknown,https://github.com/DOH-EPI-Coders/x
x,2024-11-07T22:50:08Z,2024-11-07T22:50:14Z,259,4,1,R,https://github.com/DOH-EPI-Coders/x
x,2024-11-07T19:15:44Z,2024-11-07T20:13:40Z,3085,5,1,R,https://github.com/DOH-EPI-Coders/x
x,2024-10-23T15:43:30Z,2024-11-07T18:52:26Z,20,7,1,Unknown,https://github.com/DOH-EPI-Coders/x
x,2024-11-06T14:44:25Z,2024-11-06T14:44:30Z,15,1,1,Unknown,https://github.com/DOH-EPI-Coders/x
x,2024-08-26T15:36:52Z,2024-10-18T02:10:03Z,26,6,2,Python,https://github.com/DOH-EPI-Coders/x
x,2024-01-16T16:20:54Z,2024-11-01T16:49:11Z,166,48,1,R,https://github.com/DOH-EPI-Coders/x
x,2023-05-26T15:33:16Z,2024-10-31T22:49:55Z,462,18,1,Unknown,https://github.com/DOH-EPI-Coders/x
x,2024-08-27T19:55:27Z,2024-10-29T19:52:16Z,3,1,1,Stata,https://github.com/DOH-EPI-Coders/x
x,2024-09-03T22:41:25Z,2024-10-24T22:18:05Z,19668,39,1,Python,https://github.com/DOH-EPI-Coders/x
x,2024-09-25T14:49:29Z,2024-10-23T18:12:32Z,59,6,1,R,https://github.com/DOH-EPI-Coders/x
x,2024-08-27T16:06:18Z,2025-01-14T00:57:17Z,101,55,3,Python,https://github.com/DOH-EPI-Coders/x
x,2024-08-27T18:19:03Z,2024-10-22T22:46:44Z,1450,2,1,Unknown,https://github.com/DOH-EPI-Coders/x
x,2024-08-07T14:55:32Z,2024-10-22T21:24:06Z,15848,32,1,R,https://github.com/DOH-EPI-Coders/x
x,2024-01-16T16:22:41Z,2024-10-22T15:30:40Z,90,44,3,Python,https://github.com/DOH-EPI-Coders/x
x,2024-10-09T20:57:22Z,2024-10-21T21:07:35Z,232,5,1,Python,https://github.com/DOH-EPI-Coders/x
x,2024-06-17T20:41:42Z,2024-10-21T17:11:17Z,105051,90,4,CSS,https://github.com/DOH-EPI-Coders/x
x,2024-10-17T21:02:41Z,2024-10-17T21:44:45Z,11,10,3,Unknown,https://github.com/DOH-EPI-Coders/x
x,2023-08-18T16:15:03Z,2024-11-21T16:07:59Z,46,17,2,Python,https://github.com/DOH-EPI-Coders/x
x,2024-10-10T13:10:07Z,2024-10-10T13:10:27Z,2,1,1,Unknown,https://github.com/DOH-EPI-Coders/x
x,2024-08-28T20:17:33Z,2024-10-08T17:27:20Z,5,1,1,R,https://github.com/DOH-EPI-Coders/x
x,2024-03-08T19:24:34Z,2024-10-07T17:55:55Z,115,28,1,R,https://github.com/DOH-EPI-Coders/x
x,2024-04-10T15:39:46Z,2024-10-07T17:04:03Z,84,24,1,Python,https://github.com/DOH-EPI-Coders/x
x,2021-08-04T19:40:00Z,2024-08-07T16:56:38Z,401,135,4,Python,https://github.com/DOH-EPI-Coders/x
x,2023-08-29T21:40:25Z,2024-10-01T18:57:55Z,51,36,4,SAS,https://github.com/DOH-EPI-Coders/x
x,2023-07-06T15:52:58Z,2024-09-30T20:49:32Z,61,26,3,Python,https://github.com/DOH-EPI-Coders/x
x,2024-09-27T18:28:05Z,2024-09-27T18:28:08Z,0,1,1,Unknown,https://github.com/DOH-EPI-Coders/x
x,2024-09-25T16:10:23Z,2024-09-25T16:10:24Z,0,1,,Unknown,https://github.com/DOH-EPI-Coders/x
x,2024-09-20T18:06:47Z,2024-09-20T20:08:11Z,33,6,1,R,https://github.com/DOH-EPI-Coders/x
x,2024-07-25T19:51:53Z,2024-09-18T15:48:30Z,770,120,2,Batchfile,https://github.com/DOH-EPI-Coders/x
x,2023-09-20T21:10:20Z,2024-09-10T21:32:36Z,2065,3,1,HTML,https://github.com/DOH-EPI-Coders/x
x,2024-09-04T18:11:57Z,2024-11-12T18:21:02Z,15,16,4,Unknown,https://github.com/DOH-EPI-Coders/x
x,2024-08-08T17:15:13Z,2024-09-03T20:04:57Z,18,4,1,Python,https://github.com/DOH-EPI-Coders/x
x,2024-07-16T20:01:07Z,2024-08-26T22:56:10Z,3842,3,1,R,https://github.com/DOH-EPI-Coders/x
x,2024-08-26T13:59:27Z,2024-08-26T13:59:31Z,2,1,1,HTML,https://github.com/DOH-EPI-Coders/x
x,2024-08-20T19:20:08Z,2024-08-23T21:11:41Z,6308,87,3,CSS,https://github.com/DOH-EPI-Coders/x
x,2024-08-21T23:07:29Z,2024-08-21T23:10:50Z,3,1,1,Lua,https://github.com/DOH-EPI-Coders/x
x,2024-07-23T18:26:02Z,2024-08-20T19:42:50Z,76708,85,3,CSS,https://github.com/DOH-EPI-Coders/x
x,2024-06-26T21:48:58Z,2024-08-20T15:00:03Z,209127,593,2,R,https://github.com/DOH-EPI-Coders/x
x,2023-03-30T15:40:17Z,2024-09-02T06:02:34Z,270,68,4,Python,https://github.com/DOH-EPI-Coders/x
x,2024-06-26T20:42:19Z,2024-08-16T22:39:03Z,1467,63,1,Python,https://github.com/DOH-EPI-Coders/x
x,2024-08-16T16:40:52Z,2024-08-16T16:40:58Z,13,1,1,R,https://github.com/DOH-EPI-Coders/x
x,2024-06-27T17:29:42Z,2024-08-16T16:17:00Z,2181,501,5,R,https://github.com/DOH-EPI-Coders/x
x,2024-08-12T19:54:53Z,2024-08-14T20:13:25Z,1,1,1,Python,https://github.com/DOH-EPI-Coders/x
x,2021-05-06T20:19:13Z,2022-01-07T17:53:40Z,375,538,9,Unknown,https://github.com/DOH-EPI-Coders/x
x,2023-08-29T18:53:23Z,2024-07-31T16:43:04Z,8,1,1,Unknown,https://github.com/DOH-EPI-Coders/x
x,2023-12-14T16:26:04Z,2024-07-16T20:35:49Z,81540,4,1,Python,https://github.com/DOH-EPI-Coders/x
x,2024-02-15T16:27:03Z,2024-07-29T20:35:06Z,67,52,2,Batchfile,https://github.com/DOH-EPI-Coders/x
x,2024-07-03T21:25:40Z,2024-07-29T18:37:38Z,30490,12,1,Python,https://github.com/DOH-EPI-Coders/x
x,2024-06-27T19:09:41Z,2024-07-09T22:14:31Z,73,37,2,Python,https://github.com/DOH-EPI-Coders/x
x,2024-07-16T15:19:59Z,2024-07-16T15:19:59Z,1030,438,4,R,https://github.com/DOH-EPI-Coders/x
x,2024-07-11T19:09:27Z,2024-07-11T22:35:40Z,14,2,1,Python,https://github.com/DOH-EPI-Coders/x
x,2024-06-13T13:21:50Z,2024-07-11T19:23:13Z,1091,5,1,R,https://github.com/DOH-EPI-Coders/x
x,2024-07-10T16:27:05Z,2024-07-10T16:28:19Z,21,2,1,R,https://github.com/DOH-EPI-Coders/x
x,2024-07-08T21:55:21Z,2024-07-09T23:02:02Z,2,1,1,Python,https://github.com/DOH-EPI-Coders/x
x,2023-01-31T22:01:18Z,2024-07-03T23:20:17Z,1503,62,4,HTML,https://github.com/DOH-EPI-Coders/x
x,2024-07-01T22:02:50Z,2024-07-01T22:12:05Z,2327,3,1,R,https://github.com/DOH-EPI-Coders/x
x,2022-11-16T16:32:35Z,2024-06-27T18:25:25Z,3759,164,2,HTML,https://github.com/DOH-EPI-Coders/x
x,2024-06-17T22:16:42Z,2024-06-17T22:16:46Z,15,1,1,Unknown,https://github.com/DOH-EPI-Coders/x
x,2024-06-13T19:27:09Z,2024-06-13T19:29:50Z,14,5,1,Python,https://github.com/DOH-EPI-Coders/x
x,2024-04-17T00:41:02Z,2024-06-06T18:31:42Z,2154,15,2,Python,https://github.com/DOH-EPI-Coders/x
x,2023-08-11T21:29:34Z,2023-10-03T13:12:00Z,14,8,2,Python,https://github.com/DOH-EPI-Coders/x
x,2024-06-05T17:45:36Z,2024-06-05T17:48:18Z,1,1,1,Unknown,https://github.com/DOH-EPI-Coders/x
x,2024-01-29T02:56:20Z,2024-05-29T23:24:52Z,1774,25,1,Python,https://github.com/DOH-EPI-Coders/x
x,2023-05-17T18:18:57Z,2025-01-07T17:24:48Z,14079,169,1,HTML,https://github.com/DOH-EPI-Coders/x
x,2024-04-08T17:15:59Z,2024-05-30T18:02:40Z,218,41,1,R,https://github.com/DOH-EPI-Coders/x
x,2022-02-16T18:58:14Z,2024-05-30T17:30:05Z,80266,83,0,R,https://github.com/DOH-EPI-Coders/x
x,2024-05-06T22:49:22Z,2024-08-22T18:40:25Z,26,29,1,R,https://github.com/DOH-EPI-Coders/x
x,2023-05-11T20:40:23Z,2025-01-16T21:35:43Z,5150,486,4,R,https://github.com/DOH-EPI-Coders/x
x,2024-05-23T19:51:25Z,2024-05-23T21:08:02Z,29957,3,1,JavaScript,https://github.com/DOH-EPI-Coders/x
x,2022-08-09T17:42:48Z,2024-10-23T20:47:36Z,72443,212,2,R,https://github.com/DOH-EPI-Coders/x
x,2022-08-12T22:10:11Z,2024-08-22T18:40:55Z,19778,379,1,R,https://github.com/DOH-EPI-Coders/x
x,2024-05-21T14:24:27Z,2024-05-21T14:24:31Z,0,1,1,Unknown,https://github.com/DOH-EPI-Coders/x
x,2023-05-08T21:02:11Z,2024-05-20T21:45:38Z,466,5,1,Unknown,https://github.com/DOH-EPI-Coders/x
x,2024-05-20T20:39:15Z,2024-05-20T20:55:31Z,4,1,1,Unknown,https://github.com/DOH-EPI-Coders/x
x,2024-05-09T17:41:35Z,2024-05-09T17:42:04Z,25,2,1,Unknown,https://github.com/DOH-EPI-Coders/x
x,2024-05-06T15:24:30Z,2024-05-06T15:25:45Z,0,1,1,Unknown,https://github.com/DOH-EPI-Coders/x
x,2024-05-03T16:37:31Z,2024-05-03T16:37:35Z,0,1,1,Unknown,https://github.com/DOH-EPI-Coders/x
x,2021-06-29T18:53:35Z,2024-05-02T22:11:32Z,3324,1748,13,Python,https://github.com/DOH-EPI-Coders/x
x,2022-09-26T22:31:02Z,2024-04-19T21:19:49Z,1040,428,6,Python,https://github.com/DOH-EPI-Coders/x
x,2024-05-01T21:46:41Z,2024-05-01T21:46:41Z,0,1,,Unknown,https://github.com/DOH-EPI-Coders/x
x,2024-02-02T15:49:49Z,2024-04-26T15:12:52Z,885,41,2,R,https://github.com/DOH-EPI-Coders/x
x,2024-04-17T21:10:26Z,2024-04-22T22:25:14Z,42,12,1,R,https://github.com/DOH-EPI-Coders/x
x,2024-04-18T19:39:26Z,2024-04-18T19:39:27Z,1,1,1,Unknown,https://github.com/DOH-EPI-Coders/x
x,2024-04-18T00:50:58Z,2024-04-18T00:56:11Z,13,3,1,R,https://github.com/DOH-EPI-Coders/x
x,2024-04-11T16:56:11Z,2024-04-11T18:36:19Z,1892,3,1,Unknown,https://github.com/DOH-EPI-Coders/x
x,2024-04-11T17:53:22Z,2024-04-11T17:53:22Z,0,1,1,Unknown,https://github.com/DOH-EPI-Coders/x
x,2023-12-08T18:49:47Z,2024-04-15T16:56:13Z,35109,39,1,R,https://github.com/DOH-EPI-Coders/x
x,2023-12-07T17:47:06Z,2024-01-08T16:19:47Z,6573,14,1,R,https://github.com/DOH-EPI-Coders/x
x,2024-02-16T18:00:36Z,2024-02-16T18:38:08Z,45,8,1,Batchfile,https://github.com/DOH-EPI-Coders/x
x,2024-03-26T16:48:31Z,2024-04-02T20:51:13Z,203,155,3,R,https://github.com/DOH-EPI-Coders/x
x,2024-03-29T18:14:31Z,2024-03-29T18:16:22Z,121,7,1,Rust,https://github.com/DOH-EPI-Coders/x
x,2024-03-28T00:45:13Z,2024-03-28T00:48:07Z,46,29,2,R,https://github.com/DOH-EPI-Coders/x
x,2022-06-14T19:48:11Z,2023-08-17T14:37:00Z,18000,70,2,HTML,https://github.com/DOH-EPI-Coders/x
x,2024-02-29T18:17:26Z,2024-03-18T18:40:07Z,342873,62,3,R,https://github.com/DOH-EPI-Coders/x
x,2024-03-19T22:01:20Z,2024-03-19T22:41:50Z,40,6,1,R,https://github.com/DOH-EPI-Coders/x
x,2023-09-15T18:30:20Z,2023-10-03T18:28:28Z,14279,15,1,TSQL,https://github.com/DOH-EPI-Coders/x
x,2022-09-15T17:30:33Z,2022-09-15T17:37:45Z,57,23,3,Python,https://github.com/DOH-EPI-Coders/x
x,2024-01-31T16:12:28Z,2024-01-31T16:37:10Z,3,1,1,Python,https://github.com/DOH-EPI-Coders/x
x,2024-03-08T17:54:09Z,2024-03-08T19:34:45Z,12,7,1,Unknown,https://github.com/DOH-EPI-Coders/x
x,2024-01-30T22:03:48Z,2024-01-30T22:33:41Z,60,6,0,Python,https://github.com/DOH-EPI-Coders/x
x,2022-10-07T20:13:52Z,2025-05-19T20:39:13Z,415,158,4,R,https://github.com/DOH-EPI-Coders/x
x,2024-02-12T17:25:14Z,2024-02-12T17:25:25Z,11,1,1,R,https://github.com/DOH-EPI-Coders/x
x,2023-09-25T17:43:36Z,2023-09-25T20:44:24Z,89,5,1,R,https://github.com/DOH-EPI-Coders/x
x,2023-11-15T18:53:18Z,2024-01-24T18:48:01Z,7,1,1,Python,https://github.com/DOH-EPI-Coders/x
x,2021-10-28T17:53:18Z,2024-04-15T16:57:15Z,60244,89,1,R,https://github.com/DOH-EPI-Coders/x
x,2023-12-22T17:41:20Z,2024-01-05T18:52:19Z,3980,24,1,R,https://github.com/DOH-EPI-Coders/x
x,2022-10-07T18:56:18Z,2024-09-02T06:02:34Z,983,352,3,Python,https://github.com/DOH-EPI-Coders/x
x,2022-07-29T15:09:39Z,2024-09-13T13:35:45Z,4876,146,3,R,https://github.com/DOH-EPI-Coders/x
x,2023-05-22T18:41:16Z,2023-05-22T18:42:35Z,73,17,1,Dockerfile,https://github.com/DOH-EPI-Coders/x
x,2024-01-05T19:24:27Z,2024-05-30T17:12:33Z,4427,20,1,R,https://github.com/DOH-EPI-Coders/x
x,2023-12-13T16:29:57Z,2023-12-19T04:38:10Z,1013,39,1,Python,https://github.com/DOH-EPI-Coders/x
x,2022-08-10T21:38:28Z,2022-08-11T18:49:33Z,1079,392,10,Python,https://github.com/DOH-EPI-Coders/x
x,2023-07-11T23:25:28Z,2024-05-30T17:15:27Z,13646,82,1,R,https://github.com/DOH-EPI-Coders/x
x,2023-10-25T17:44:32Z,2023-10-25T23:43:46Z,4688,19,1,HTML,https://github.com/DOH-EPI-Coders/x
x,2022-07-21T21:51:52Z,2023-11-22T15:55:35Z,902,180,2,R,https://github.com/DOH-EPI-Coders/x
x,2023-10-19T15:52:24Z,2023-10-19T15:56:14Z,6,1,1,R,https://github.com/DOH-EPI-Coders/x
x,2023-10-30T16:18:35Z,2023-10-30T16:19:43Z,6,1,1,Unknown,https://github.com/DOH-EPI-Coders/x
x,2022-12-14T00:25:17Z,2022-12-14T01:58:07Z,4,1,1,Python,https://github.com/DOH-EPI-Coders/x
x,2023-11-14T17:21:00Z,2023-11-14T17:21:06Z,6,1,1,Python,https://github.com/DOH-EPI-Coders/x
x,2022-09-29T00:37:30Z,2023-05-16T23:09:34Z,488,55,2,Python,https://github.com/DOH-EPI-Coders/x
x,2023-11-02T16:29:42Z,2023-11-02T16:29:43Z,2,1,1,Unknown,https://github.com/DOH-EPI-Coders/x
x,2023-10-30T15:10:50Z,2023-10-31T13:50:22Z,6,1,1,Unknown,https://github.com/DOH-EPI-Coders/x
x,2023-10-27T01:19:47Z,2023-10-27T01:21:39Z,7,1,1,Python,https://github.com/DOH-EPI-Coders/x
x,2023-09-25T16:16:46Z,2023-09-25T16:16:46Z,3,1,1,Unknown,https://github.com/DOH-EPI-Coders/x
x,2023-05-03T20:52:45Z,2023-05-03T21:11:07Z,106,8,2,SAS,https://github.com/DOH-EPI-Coders/x
x,2023-04-05T21:04:02Z,2023-10-17T19:13:16Z,6864,22,1,R,https://github.com/DOH-EPI-Coders/x
x,2023-04-26T22:36:59Z,2023-06-06T16:39:31Z,40482,293,2,Unknown,https://github.com/DOH-EPI-Coders/x
x,2023-10-04T21:55:18Z,2023-10-04T22:00:30Z,3,1,2,SAS,https://github.com/DOH-EPI-Coders/x
x,2023-08-30T15:48:19Z,2023-09-25T17:25:21Z,67,26,1,R,https://github.com/DOH-EPI-Coders/x
x,2023-09-28T15:05:00Z,2023-09-28T19:57:51Z,3066,5,1,HTML,https://github.com/DOH-EPI-Coders/x
x,2022-12-21T19:39:06Z,2022-12-21T19:42:38Z,69,24,1,R,https://github.com/DOH-EPI-Coders/x
x,2023-09-21T18:55:27Z,2023-09-21T18:55:27Z,1,1,1,Unknown,https://github.com/DOH-EPI-Coders/x
x,2023-08-15T22:30:02Z,2023-08-30T22:10:46Z,7476,29,1,Python,https://github.com/DOH-EPI-Coders/x
x,2023-05-11T20:44:30Z,2025-05-19T20:39:13Z,8,1,2,Python,https://github.com/DOH-EPI-Coders/x
x,2023-02-13T18:12:47Z,2023-02-16T18:53:56Z,140,88,2,Python,https://github.com/DOH-EPI-Coders/x
x,2023-09-12T21:44:21Z,2023-09-12T21:51:29Z,5,1,1,Unknown,https://github.com/DOH-EPI-Coders/x
x,2023-08-07T14:42:21Z,2023-08-24T21:28:53Z,11,13,3,R,https://github.com/DOH-EPI-Coders/x
x,2023-07-03T17:34:35Z,2023-07-03T17:37:08Z,69,35,3,R,https://github.com/DOH-EPI-Coders/x
x,2023-08-24T14:27:46Z,2023-08-28T14:28:22Z,7,1,1,Python,https://github.com/DOH-EPI-Coders/x
x,2023-01-04T17:23:02Z,2023-08-28T14:31:45Z,68,63,4,SAS,https://github.com/DOH-EPI-Coders/x
x,2021-07-06T19:16:25Z,2023-01-30T22:50:28Z,2557,219,5,Python,https://github.com/DOH-EPI-Coders/x
x,2022-07-14T16:24:08Z,2024-11-01T22:42:02Z,2035,1199,4,R,https://github.com/DOH-EPI-Coders/x
x,2022-10-03T18:24:55Z,2023-08-28T14:25:51Z,39,15,1,SAS,https://github.com/DOH-EPI-Coders/x
x,2023-08-08T20:25:25Z,2023-08-08T20:29:57Z,2,1,1,Python,https://github.com/DOH-EPI-Coders/x
x,2023-08-04T21:03:50Z,2023-08-04T21:03:50Z,0,1,1,Unknown,https://github.com/DOH-EPI-Coders/x
x,2021-06-09T16:30:09Z,2023-08-03T23:47:15Z,3238,73,1,R,https://github.com/DOH-EPI-Coders/x
x,2021-12-16T20:16:50Z,2023-08-01T22:13:09Z,171096,571,1,Python,https://github.com/DOH-EPI-Coders/x
x,2023-07-20T15:13:33Z,2023-07-20T15:13:33Z,122,29,1,R,https://github.com/DOH-EPI-Coders/x
x,2023-06-26T18:30:11Z,2023-07-13T15:24:42Z,247,61,1,R,https://github.com/DOH-EPI-Coders/x
x,2023-07-05T18:46:29Z,2023-07-05T18:46:29Z,2,1,1,Unknown,https://github.com/DOH-EPI-Coders/x
x,2023-06-22T23:56:17Z,2023-06-22T23:56:18Z,47,28,1,Unknown,https://github.com/DOH-EPI-Coders/x
x,2023-02-15T23:23:40Z,2023-02-16T00:17:40Z,249,164,1,R,https://github.com/DOH-EPI-Coders/x
x,2023-02-14T14:36:29Z,2023-09-25T17:25:44Z,55,14,1,R,https://github.com/DOH-EPI-Coders/x
x,2023-01-19T22:14:44Z,2023-08-28T14:26:17Z,48,19,2,SAS,https://github.com/DOH-EPI-Coders/x
x,2021-08-03T20:19:30Z,2022-07-14T00:42:38Z,386,185,2,Python,https://github.com/DOH-EPI-Coders/x
x,2023-01-12T22:09:50Z,2023-01-12T22:10:08Z,26,2,1,R,https://github.com/DOH-EPI-Coders/x
x,2023-06-02T18:15:17Z,2023-06-06T23:25:14Z,28,16,1,R,https://github.com/DOH-EPI-Coders/x
x,2023-06-05T16:58:37Z,2023-10-04T23:36:51Z,245560,62,2,R,https://github.com/DOH-EPI-Coders/x
x,2023-04-18T18:21:51Z,2023-04-18T18:22:52Z,56,34,1,R,https://github.com/DOH-EPI-Coders/x
x,2021-06-18T17:58:03Z,2024-04-11T21:37:47Z,3385,471,4,R,https://github.com/DOH-EPI-Coders/x
x,2023-06-01T23:46:14Z,2023-06-01T23:46:14Z,4,1,2,Unknown,https://github.com/DOH-EPI-Coders/x
x,2023-05-25T14:28:44Z,2023-05-25T14:29:11Z,0,1,1,Unknown,https://github.com/DOH-EPI-Coders/x
x,2023-05-23T23:28:14Z,2023-05-23T23:28:15Z,10,2,1,Unknown,https://github.com/DOH-EPI-Coders/x
x,2023-05-19T22:37:09Z,2023-05-19T22:37:10Z,2,1,1,Unknown,https://github.com/DOH-EPI-Coders/x
x,2023-05-18T14:50:40Z,2023-05-26T21:17:44Z,8,1,1,R,https://github.com/DOH-EPI-Coders/x
x,2023-04-26T21:11:12Z,2023-05-26T21:17:39Z,231,2,1,Unknown,https://github.com/DOH-EPI-Coders/x
x,2022-08-10T21:32:01Z,2023-11-22T00:24:09Z,602,19,1,R,https://github.com/DOH-EPI-Coders/x
x,2023-05-04T18:38:44Z,2024-05-30T17:17:56Z,2,1,1,Unknown,https://github.com/DOH-EPI-Coders/x
x,2023-05-01T20:07:41Z,2023-05-01T20:12:25Z,3,1,1,Unknown,https://github.com/DOH-EPI-Coders/x
x,2023-04-27T23:03:24Z,2023-04-27T23:03:25Z,0,1,1,Unknown,https://github.com/DOH-EPI-Coders/x
x,2021-11-03T22:16:42Z,2021-11-16T19:01:28Z,290,167,3,R,https://github.com/DOH-EPI-Coders/x
x,2021-06-18T18:01:54Z,2021-11-29T18:54:39Z,57,31,3,R,https://github.com/DOH-EPI-Coders/x
x,2023-02-15T22:04:22Z,2023-02-24T18:55:43Z,5,1,1,Python,https://github.com/DOH-EPI-Coders/x
x,2021-02-19T21:47:45Z,2022-01-06T18:09:53Z,846,484,6,R,https://github.com/DOH-EPI-Coders/x
x,2022-09-15T18:14:36Z,2023-11-22T00:25:46Z,92,79,1,R,https://github.com/DOH-EPI-Coders/x
x,2023-03-02T22:13:41Z,2023-04-05T20:58:19Z,14432,107,1,R,https://github.com/DOH-EPI-Coders/x
x,2023-01-31T17:54:06Z,2023-04-05T21:13:28Z,290,133,1,Unknown,https://github.com/DOH-EPI-Coders/x
x,2023-04-04T15:43:24Z,2023-05-26T21:17:46Z,6,1,1,Unknown,https://github.com/DOH-EPI-Coders/x
x,2022-08-15T15:16:05Z,2022-08-15T15:59:23Z,12,16,3,R,https://github.com/DOH-EPI-Coders/x
x,2022-09-14T15:43:34Z,2024-11-01T22:42:03Z,87,85,3,R,https://github.com/DOH-EPI-Coders/x
x,2022-07-14T16:28:33Z,2022-07-14T16:34:44Z,22,13,2,R,https://github.com/DOH-EPI-Coders/x
x,2022-07-14T16:27:49Z,2024-11-01T22:42:02Z,25,23,3,R,https://github.com/DOH-EPI-Coders/x
x,2022-07-14T16:27:08Z,2022-12-15T16:02:50Z,53,57,3,R,https://github.com/DOH-EPI-Coders/x
x,2022-07-14T16:26:25Z,2022-07-14T18:16:21Z,242,237,3,R,https://github.com/DOH-EPI-Coders/x
x,2022-07-14T16:25:30Z,2024-11-01T22:42:02Z,77,56,4,R,https://github.com/DOH-EPI-Coders/x
x,2022-07-14T16:23:12Z,2024-11-01T22:42:02Z,289,53,3,R,https://github.com/DOH-EPI-Coders/x
x,2022-07-14T16:22:17Z,2022-07-14T17:54:18Z,96,87,3,R,https://github.com/DOH-EPI-Coders/x
x,2023-04-03T15:49:01Z,2023-09-25T17:25:57Z,6,1,1,Unknown,https://github.com/DOH-EPI-Coders/x
x,2023-03-07T17:39:25Z,2025-01-23T21:50:54Z,154,62,3,Unknown,https://github.com/DOH-EPI-Coders/x
x,2023-03-16T21:14:21Z,2023-03-31T18:49:48Z,3,1,1,Python,https://github.com/DOH-EPI-Coders/x
x,2022-12-15T15:51:11Z,2023-03-29T18:51:47Z,22962,15,1,R,https://github.com/DOH-EPI-Coders/x
x,2023-03-21T18:53:00Z,2023-03-21T18:53:00Z,21,2,1,Unknown,https://github.com/DOH-EPI-Coders/x
x,2023-03-16T21:15:32Z,2023-03-16T21:17:39Z,0,1,1,Unknown,https://github.com/DOH-EPI-Coders/x
x,2022-11-08T20:04:26Z,2023-03-30T16:17:44Z,87,68,1,R,https://github.com/DOH-EPI-Coders/x
x,2023-02-23T16:28:36Z,2023-02-23T16:28:36Z,23,12,2,Unknown,https://github.com/DOH-EPI-Coders/x
x,2023-03-06T22:06:14Z,2023-03-09T20:08:07Z,1139,5,1,R,https://github.com/DOH-EPI-Coders/x
x,2023-02-17T17:00:48Z,2023-04-15T18:14:32Z,4098,5,1,TSQL,https://github.com/DOH-EPI-Coders/x
x,2023-02-22T20:19:00Z,2023-02-23T18:20:18Z,308,44,2,Unknown,https://github.com/DOH-EPI-Coders/x
x,2023-02-22T16:30:56Z,2023-02-22T16:35:55Z,0,1,1,Unknown,https://github.com/DOH-EPI-Coders/x
x,2023-02-13T22:51:44Z,2023-02-17T14:58:20Z,8,1,1,Python,https://github.com/DOH-EPI-Coders/x
x,2021-11-23T15:38:24Z,2021-11-24T22:32:58Z,508,8,0,Python,https://github.com/DOH-EPI-Coders/x
x,2023-02-14T15:46:02Z,2023-02-14T15:54:32Z,2,1,1,R,https://github.com/DOH-EPI-Coders/x
x,2023-02-10T01:28:06Z,2023-02-10T20:13:46Z,0,1,1,Unknown,https://github.com/DOH-EPI-Coders/x
x,2023-02-10T01:26:41Z,2023-02-10T01:26:41Z,0,1,1,Unknown,https://github.com/DOH-EPI-Coders/x
x,2023-02-09T20:53:34Z,2023-02-09T20:53:34Z,2,1,1,Unknown,https://github.com/DOH-EPI-Coders/x
x,2022-02-02T00:48:41Z,2023-12-06T17:14:01Z,146,23,2,Unknown,https://github.com/DOH-EPI-Coders/x
x,2023-02-08T19:30:55Z,2024-08-27T15:41:01Z,6316,617,12,Java,https://github.com/DOH-EPI-Coders/x
x,2023-02-07T20:13:49Z,2023-02-07T20:13:49Z,1,1,1,Unknown,https://github.com/DOH-EPI-Coders/x
x,2023-02-01T00:03:33Z,2023-02-01T00:03:33Z,0,1,,Unknown,https://github.com/DOH-EPI-Coders/x
x,2022-04-15T18:08:18Z,2023-04-24T19:40:24Z,139,26,1,Python,https://github.com/DOH-EPI-Coders/x
x,2023-01-09T15:00:12Z,2023-01-09T15:00:12Z,2,1,1,Unknown,https://github.com/DOH-EPI-Coders/x
x,2023-01-13T17:20:21Z,2023-01-13T17:20:23Z,152822,413,1,Python,https://github.com/DOH-EPI-Coders/x
x,2023-01-03T18:54:42Z,2023-01-03T18:54:42Z,10,14,1,Unknown,https://github.com/DOH-EPI-Coders/x
x,2022-12-30T20:45:33Z,2022-12-30T21:05:23Z,3,1,1,Python,https://github.com/DOH-EPI-Coders/x
x,2022-12-29T18:02:09Z,2022-12-29T18:02:28Z,0,1,1,Unknown,https://github.com/DOH-EPI-Coders/x
x,2022-12-21T23:47:13Z,2024-01-25T21:09:43Z,9,1,1,Unknown,https://github.com/DOH-EPI-Coders/x
x,2022-12-22T19:04:26Z,2022-12-22T19:49:48Z,0,1,1,Unknown,https://github.com/DOH-EPI-Coders/x
x,2022-12-19T04:24:25Z,2022-12-19T04:48:01Z,151,9,1,Unknown,https://github.com/DOH-EPI-Coders/x
x,2022-12-08T21:53:44Z,2023-05-26T14:53:41Z,6,1,1,Unknown,https://github.com/DOH-EPI-Coders/x
x,2022-12-06T21:55:07Z,2023-05-26T14:54:06Z,14,3,1,Unknown,https://github.com/DOH-EPI-Coders/x
x,2022-12-02T22:33:28Z,2023-05-26T21:17:15Z,1,1,1,Unknown,https://github.com/DOH-EPI-Coders/x
x,2022-11-21T00:21:19Z,2022-11-21T00:42:51Z,448,22,1,Python,https://github.com/DOH-EPI-Coders/x
x,2021-06-09T16:39:54Z,2023-05-25T16:47:29Z,169,26,1,Python,https://github.com/DOH-EPI-Coders/x
x,2022-11-03T20:14:00Z,2022-11-21T23:19:54Z,8,1,1,R,https://github.com/DOH-EPI-Coders/x
x,2022-11-16T16:18:09Z,2022-11-16T16:18:09Z,2,1,1,Unknown,https://github.com/DOH-EPI-Coders/x
x,2022-05-26T17:28:27Z,2024-11-01T22:42:02Z,3995,113,6,HTML,https://github.com/DOH-EPI-Coders/x
x,2022-09-07T15:54:59Z,2024-08-26T20:12:52Z,343,167,4,R,https://github.com/DOH-EPI-Coders/x
x,2022-09-15T15:39:01Z,2023-11-22T00:24:57Z,26,14,2,R,https://github.com/DOH-EPI-Coders/x
x,2021-12-15T21:59:39Z,2024-11-01T22:42:02Z,4903,159,1,R,https://github.com/DOH-EPI-Coders/x
x,2022-06-02T13:11:49Z,2023-12-06T17:14:01Z,1664,24,1,Unknown,https://github.com/DOH-EPI-Coders/x
x,2022-09-21T14:22:49Z,2024-10-23T16:58:22Z,284,12,3,Unknown,https://github.com/DOH-EPI-Coders/x
x,2022-08-09T19:40:26Z,2022-08-09T19:40:26Z,6,1,1,Unknown,https://github.com/DOH-EPI-Coders/x
x,2022-10-11T22:08:34Z,2022-10-11T22:08:34Z,0,1,1,Unknown,https://github.com/DOH-EPI-Coders/x
x,2022-10-10T18:33:40Z,2022-10-10T19:08:22Z,316,7,1,HTML,https://github.com/DOH-EPI-Coders/x
x,2022-07-12T21:27:51Z,2022-10-04T20:57:18Z,6,1,4,Rebol,https://github.com/DOH-EPI-Coders/x
x,2022-07-14T23:05:28Z,2022-07-15T16:39:12Z,210,81,2,R,https://github.com/DOH-EPI-Coders/x
x,2021-02-09T13:56:25Z,2023-02-07T19:07:51Z,5616,4628,12,Unknown,https://github.com/DOH-EPI-Coders/x
x,2021-09-15T12:04:55Z,2022-04-26T14:49:33Z,2538,267,4,HTML,https://github.com/DOH-EPI-Coders/x
x,2021-06-14T16:33:57Z,2022-03-14T20:26:24Z,38,23,5,Unknown,https://github.com/DOH-EPI-Coders/x
x,2022-09-14T15:56:06Z,2022-09-14T15:56:06Z,1,1,1,Unknown,https://github.com/DOH-EPI-Coders/x
x,2022-01-04T20:14:48Z,2022-01-06T20:20:48Z,172,46,2,Python,https://github.com/DOH-EPI-Coders/x
x,2022-08-26T18:46:07Z,2023-01-27T21:53:19Z,1071,354,7,Python,https://github.com/DOH-EPI-Coders/x
x,2022-08-26T19:01:49Z,2023-01-27T21:53:16Z,1157,464,7,Python,https://github.com/DOH-EPI-Coders/x
x,2022-08-23T18:43:35Z,2022-08-23T18:52:23Z,1157,464,7,Python,https://github.com/DOH-EPI-Coders/x
x,2021-03-24T15:05:40Z,2021-11-13T00:07:45Z,54,63,8,R,https://github.com/DOH-EPI-Coders/x
x,2022-08-10T17:52:56Z,2022-08-10T19:25:16Z,272,35,6,R,https://github.com/DOH-EPI-Coders/x
x,2022-08-16T01:13:09Z,2022-08-17T18:38:37Z,1794,5,1,Python,https://github.com/DOH-EPI-Coders/x
x,2022-08-22T17:59:04Z,2022-08-22T18:00:14Z,1264,3,1,Python,https://github.com/DOH-EPI-Coders/x
x,2022-08-12T15:37:44Z,2022-08-16T17:05:00Z,5,1,1,R,https://github.com/DOH-EPI-Coders/x
x,2022-08-10T21:17:38Z,2022-08-10T21:58:10Z,15,14,1,Unknown,https://github.com/DOH-EPI-Coders/x
x,2022-08-09T16:22:58Z,2022-08-09T16:22:58Z,0,1,1,Unknown,https://github.com/DOH-EPI-Coders/x
x,2022-05-10T21:12:31Z,2022-05-10T21:24:54Z,13,6,2,Python,https://github.com/DOH-EPI-Coders/x
x,2022-08-05T19:11:07Z,2023-01-01T18:49:19Z,2933,5,1,JavaScript,https://github.com/DOH-EPI-Coders/x
x,2021-12-09T00:53:10Z,2022-07-12T20:50:54Z,19,21,2,Unknown,https://github.com/DOH-EPI-Coders/x
x,2022-07-29T21:09:41Z,2022-07-29T21:40:25Z,323,3,1,TeX,https://github.com/DOH-EPI-Coders/x
x,2022-07-26T21:00:39Z,2022-07-26T21:00:39Z,0,1,1,Unknown,https://github.com/DOH-EPI-Coders/x
x,2022-05-09T18:39:34Z,2022-05-09T21:54:22Z,48,26,2,R,https://github.com/DOH-EPI-Coders/x
x,2022-07-19T22:31:03Z,2022-07-19T22:31:03Z,8,1,2,Unknown,https://github.com/DOH-EPI-Coders/x
x,2021-10-12T17:28:12Z,2022-07-14T00:42:14Z,1216080,199,3,Python,https://github.com/DOH-EPI-Coders/x
x,2022-07-14T18:46:52Z,2022-07-14T18:51:58Z,4,1,1,SAS,https://github.com/DOH-EPI-Coders/x
x,2022-07-13T18:29:57Z,2022-07-13T18:39:23Z,10,4,1,Python,https://github.com/DOH-EPI-Coders/x
x,2021-03-02T02:52:21Z,2021-12-28T00:59:43Z,6070,81,3,TSQL,https://github.com/DOH-EPI-Coders/x
x,2022-06-30T18:09:37Z,2022-06-30T18:11:49Z,7,1,1,R,https://github.com/DOH-EPI-Coders/x
x,2022-06-22T22:51:48Z,2022-06-22T22:52:58Z,79,10,1,Python,https://github.com/DOH-EPI-Coders/x
x,2022-02-04T17:39:50Z,2022-05-27T14:19:33Z,953,34,1,TeX,https://github.com/DOH-EPI-Coders/x
x,2022-02-12T00:37:23Z,2022-02-17T21:06:18Z,47,15,1,R,https://github.com/DOH-EPI-Coders/x
x,2022-05-31T18:49:15Z,2022-05-31T18:49:15Z,0,1,,Unknown,https://github.com/DOH-EPI-Coders/x
x,2022-05-17T19:44:36Z,2022-05-17T19:44:36Z,378,11,1,Unknown,https://github.com/DOH-EPI-Coders/x
x,2022-04-28T17:14:32Z,2022-04-28T17:16:28Z,68,15,0,Python,https://github.com/DOH-EPI-Coders/x
x,2022-05-03T23:31:25Z,2022-05-03T23:44:23Z,16,25,1,R,https://github.com/DOH-EPI-Coders/x
x,2021-10-14T22:39:41Z,2021-11-30T23:54:30Z,23,7,2,Python,https://github.com/DOH-EPI-Coders/x
x,2022-05-02T16:39:28Z,2022-05-02T16:58:42Z,11,3,1,R,https://github.com/DOH-EPI-Coders/x
x,2022-02-22T17:03:59Z,2022-02-22T18:32:48Z,480,4,1,Python,https://github.com/DOH-EPI-Coders/x
x,2022-03-15T18:27:07Z,2022-03-21T14:06:37Z,12,8,2,SAS,https://github.com/DOH-EPI-Coders/x
x,2021-10-06T03:16:43Z,2023-04-24T19:39:51Z,12,5,1,Python,https://github.com/DOH-EPI-Coders/x
x,2022-02-22T16:37:18Z,2023-04-24T19:41:11Z,7,1,1,Python,https://github.com/DOH-EPI-Coders/x
x,2022-02-03T16:14:24Z,2023-12-06T17:14:01Z,1,1,1,Unknown,https://github.com/DOH-EPI-Coders/x
x,2022-01-19T21:57:00Z,2022-01-19T21:57:00Z,0,1,1,Unknown,https://github.com/DOH-EPI-Coders/x
x,2022-01-05T19:31:19Z,2022-01-05T21:12:47Z,8,1,3,Unknown,https://github.com/DOH-EPI-Coders/x
x,2021-12-16T22:39:55Z,2021-12-16T22:49:28Z,1,1,1,Python,https://github.com/DOH-EPI-Coders/x
x,2021-12-02T23:28:23Z,2021-12-02T23:28:23Z,0,1,,Unknown,https://github.com/DOH-EPI-Coders/x
x,2021-10-21T22:29:25Z,2021-11-30T23:59:57Z,1069,13,0,Python,https://github.com/DOH-EPI-Coders/x
x,2021-11-16T17:30:56Z,2021-11-17T15:04:51Z,21,8,1,R,https://github.com/DOH-EPI-Coders/x
x,2021-11-09T23:28:22Z,2023-12-12T22:50:08Z,0,1,1,Unknown,https://github.com/DOH-EPI-Coders/x
x,2021-07-07T21:02:05Z,2022-07-12T20:12:55Z,323,20,2,HTML,https://github.com/DOH-EPI-Coders/x
x,2021-11-02T17:58:51Z,2021-11-04T19:15:48Z,7,1,1,R,https://github.com/DOH-EPI-Coders/x
x,2021-06-09T16:51:01Z,2021-10-21T14:18:05Z,4841,35,1,TeX,https://github.com/DOH-EPI-Coders/x
x,2021-10-13T23:29:54Z,2021-10-14T22:31:20Z,22,9,1,Python,https://github.com/DOH-EPI-Coders/x
x,2021-02-17T18:56:09Z,2021-10-08T18:26:31Z,347,11,2,Unknown,https://github.com/DOH-EPI-Coders/x
x,2021-04-26T14:01:04Z,2021-10-04T20:32:25Z,192,14,4,TSQL,https://github.com/DOH-EPI-Coders/x
x,2021-09-24T20:19:37Z,2021-09-24T20:42:03Z,217,8,1,R,https://github.com/DOH-EPI-Coders/x
x,2021-08-31T19:05:14Z,2021-08-31T19:05:17Z,14,1,1,Unknown,https://github.com/DOH-EPI-Coders/x
x,2021-08-13T17:07:49Z,2023-01-28T07:14:32Z,35,16,1,R,https://github.com/DOH-EPI-Coders/x
x,2021-06-14T16:29:47Z,2021-08-03T17:36:41Z,696,51,4,Unknown,https://github.com/DOH-EPI-Coders/x
x,2021-02-15T21:08:59Z,2022-07-12T20:51:36Z,312,61,3,R,https://github.com/DOH-EPI-Coders/x
x,2021-07-23T17:46:01Z,2021-07-23T17:46:02Z,1145,9,1,R,https://github.com/DOH-EPI-Coders/x
x,2021-04-07T15:00:13Z,2021-07-20T17:38:27Z,5,1,2,R,https://github.com/DOH-EPI-Coders/x
x,2021-07-06T19:14:22Z,2021-07-20T15:48:00Z,10,3,1,TSQL,https://github.com/DOH-EPI-Coders/x
x,2021-06-29T17:11:11Z,2021-06-30T04:29:19Z,2,1,1,Python,https://github.com/DOH-EPI-Coders/x
x,2021-06-23T22:02:25Z,2021-06-23T22:02:28Z,0,1,1,Unknown,https://github.com/DOH-EPI-Coders/x
x,2021-06-11T13:38:43Z,2021-06-11T14:02:15Z,4,1,2,Python,https://github.com/DOH-EPI-Coders/x
x,2021-06-09T15:02:58Z,2021-06-09T16:49:46Z,777,19,2,R,https://github.com/DOH-EPI-Coders/x
x,2021-02-12T15:22:11Z,2021-05-05T16:43:31Z,639,13,5,Unknown,https://github.com/DOH-EPI-Coders/x
x,2020-04-11T15:53:56Z,2021-03-25T20:42:10Z,12,3,2,R,https://github.com/DOH-EPI-Coders/x
x,2021-02-12T17:54:18Z,2021-02-12T17:54:21Z,0,1,1,Unknown,https://github.com/DOH-EPI-Coders/x
x,2021-02-12T17:34:25Z,2021-02-12T17:34:28Z,0,1,1,Unknown,https://github.com/DOH-EPI-Coders/x
x,2020-05-30T19:06:01Z,2020-08-22T14:24:18Z,163,14,1,R,https://github.com/DOH-EPI-Coders/x
x,2020-04-09T16:00:04Z,2020-06-04T18:39:46Z,664,274,3,R,https://github.com/DOH-EPI-Coders/x
x,2020-04-11T15:34:48Z,2021-06-01T22:58:39Z,60,24,3,R,https://github.com/DOH-EPI-Coders/x
x,2020-04-11T15:29:18Z,2020-04-20T03:09:01Z,9,1,1,Unknown,https://github.com/DOH-EPI-Coders/x
x,2020-04-11T15:52:03Z,2020-04-11T15:52:32Z,1,1,1,Unknown,https://github.com/DOH-EPI-Coders/x
x,2020-04-11T15:50:40Z,2020-04-11T15:51:17Z,1,1,1,Unknown,https://github.com/DOH-EPI-Coders/x
x,2020-04-11T15:47:22Z,2020-04-11T15:47:43Z,1,1,1,Unknown,https://github.com/DOH-EPI-Coders/x
x,2020-04-11T15:46:23Z,2020-04-11T15:46:45Z,0,1,1,Unknown,https://github.com/DOH-EPI-Coders/x
x,2020-04-11T15:42:37Z,2020-04-11T15:43:52Z,0,1,1,Unknown,https://github.com/DOH-EPI-Coders/x
x,2020-04-06T16:32:35Z,2022-07-18T19:23:11Z,6,1,1,Unknown,https://github.com/DOH-EPI-Coders/x
x,2020-04-06T15:28:21Z,2022-07-12T20:57:26Z,1,1,1,Unknown,https://github.com/DOH-EPI-Coders/x
